timestamp,prompt,run,latency,tokens_used,success,error
2025-09-09T14:23:20.321830,Напиши короткое стихотворение о программировании на Python,1,4.650811195373535,190,True,
2025-09-09T14:23:20.768039,Напиши короткое стихотворение о программировании на Python,2,5.095916032791138,104,True,
2025-09-09T14:23:17.999730,Напиши короткое стихотворение о программировании на Python,3,2.3271570205688477,57,True,
2025-09-09T14:23:22.030880,Напиши короткое стихотворение о программировании на Python,4,6.357608795166016,204,True,
2025-09-09T14:23:21.023215,Напиши короткое стихотворение о программировании на Python,5,5.349565267562866,83,True,
2025-09-09T14:23:30.415650,Объясни теорию относительности простыми словами для пятилетнего ребенка,1,14.741894245147705,529,True,
2025-09-09T14:23:31.692107,Объясни теорию относительности простыми словами для пятилетнего ребенка,2,16.01827573776245,529,True,
2025-09-09T14:23:30.619824,Объясни теорию относительности простыми словами для пятилетнего ребенка,3,14.945655822753906,529,True,
2025-09-09T14:23:30.617238,Объясни теорию относительности простыми словами для пятилетнего ребенка,4,14.94257640838623,529,True,
2025-09-09T14:23:27.328455,Объясни теорию относительности простыми словами для пятилетнего ребенка,5,11.65366244316101,529,True,
2025-09-09T14:23:45.215771,Умеет ли машина мыслить?,1,13.523457288742065,521,True,
2025-09-09T14:23:54.254737,Умеет ли машина мыслить?,2,22.562252283096313,521,True,
2025-09-09T14:23:48.169019,Умеет ли машина мыслить?,3,16.476450204849243,521,True,
2025-09-09T14:23:47.160500,Умеет ли машина мыслить?,4,15.467855453491211,521,True,
2025-09-09T14:23:56.630624,Умеет ли машина мыслить?,5,24.937915086746216,521,True,
2025-09-09T14:23:45.573224,Опиши процесс приготовления идеальной пасты карбонары,1,13.880430698394775,526,True,
2025-09-09T14:23:46.767076,Опиши процесс приготовления идеальной пасты карбонары,2,15.073771476745605,433,True,
2025-09-09T14:23:47.246068,Опиши процесс приготовления идеальной пасты карбонары,3,15.552139043807983,468,True,
2025-09-09T14:23:42.149041,Опиши процесс приготовления идеальной пасты карбонары,4,10.454479932785034,526,True,
2025-09-09T14:23:46.061953,Опиши процесс приготовления идеальной пасты карбонары,5,14.366811990737915,526,True,
2025-09-09T14:23:57.783549,Напиши план развития IT-навыков на ближайший год для junior-разработчика,1,0,0,False,HTTP 429
2025-09-09T14:23:57.617990,Напиши план развития IT-навыков на ближайший год для junior-разработчика,2,0,0,False,HTTP 429
2025-09-09T14:23:57.563526,Напиши план развития IT-навыков на ближайший год для junior-разработчика,3,0,0,False,HTTP 429
2025-09-09T14:23:57.534266,Напиши план развития IT-навыков на ближайший год для junior-разработчика,4,0,0,False,HTTP 429
2025-09-09T14:23:57.549327,Напиши план развития IT-навыков на ближайший год для junior-разработчика,5,0,0,False,HTTP 429
